"test_id";"appdate"
1;"2022-03-3"
2;"2022-03-3"
3;"2022-03-3"
4;"2022-03-3"
5;"2022-03-3"
6;"2022-03-2"
7;"2022-03-2"
8;"2022-03-2"
9;"2022-03-2"
10;"2022-03-2"
11;"2022-03-1"
12;"2022-03-06"
13;"2022-03-06"
14;"2022-01-06"
15;"2022-01-06"
16;"2022-01-06"
17;"2022-01-06"
18;"2022-01-06"
19;"2022-01-06"
20;"2022-01-06"
21;"2022-01-06"
22;"2022-02-06"
23;"2022-02-06"
24;"2022-02-06"
25;"2022-02-06"
26;"2022-02-06"
27;"2022-02-02"
28;"2022-02-02"
29;"2022-02-02"
30;"2022-02-02"
31;"2022-02-02"
32;"2022-02-02"
33;"2022-06-02"
34;"2022-06-02"
35;"2022-06-02"
36;"2022-06-02"
37;"2022-06-02"
38;"2022-06-02"
39;"2022-06-02"
40;"2022-06-02"
41;"2022-06-02"
42;"2022-06-02"
43;"2022-06-02"
44;"2022-05-02"
45;"2022-05-02"
46;"2022-05-02"
47;"2022-05-02"
48;"2022-05-02"
49;"2022-05-02"
50;"2022-05-02"
51;"2022-03-02"
52;"2022-03-02"
53;"2022-03-02"
54;"2022-03-02"
55;"2022-03-02"
56;"2022-03-02"
57;"2022-08-02"
58;"2022-08-02"
59;"2022-08-02"
60;"2022-08-02"
61;"2022-08-02"
62;"2022-08-02"
63;"2022-11-02"
64;"2022-11-02"
65;"2022-11-02"
66;"2022-11-02"
67;"2022-11-02"
68;"2022-11-02"
69;"2022-11-02"
70;"2022-11-02"
71;"2022-11-02"
72;"2022-12-02"
73;"2022-12-02"
74;"2022-12-02"
75;"2022-12-02"
76;"2022-12-02"
77;"2022-12-02"
78;"2022-12-02"
79;"2022-12-02"
80;"2022-12-02"
81;"2022-12-02"
82;"2022-12-02"
83;"2022-12-02"
84;"2022-12-02"
85;"2022-12-02"
86;"2022-12-02"
87;"2022-12-02"
88;"2022-12-02"
89;"2022-12-02"
90;"2022-12-02"
91;"2022-12-02"
92;"2022-12-02"
93;"2022-12-02"
94;"2022-5-02"
95;"2022-5-02"
96;"2022-5-02"
97;"2022-5-02"
98;"2022-5-02"
99;"2022-3-06"
100;"2022-12-06"
101;"2022-1-06"
102;"2022-1-06"
103;"2022-1-06"
104;"2022-2-06"
105;"2022-12-06"
106;"2022-03-03"
107;"2022-03-03"
108;"2022-03-12"
109;"2022-03-12"
110;"2022-03-12"
111;"2022-03-12"
112;"2022-3-9"
113;"2022-5-29"
114;"2022-5-30"
115;"2022-5-30"
